availability,prices,titles
In stock,£51.77,A Light in the Attic
In stock,£53.74,Tipping the Velvet
In stock,£50.10,Soumission
In stock,£47.82,Sharp Objects
In stock,£54.23,Sapiens: A Brief History of Humankind
In stock,£22.65,The Requiem Red
In stock,£33.34,The Dirty Little Secrets of Getting Your Dream Job
In stock,£17.93,"The Coming Woman: A Novel Based on the Life of the Infamous Feminist, Victoria Woodhull"
In stock,£22.60,The Boys in the Boat: Nine Americans and Their Epic Quest for Gold at the 1936 Berlin Olympics
In stock,£52.15,The Black Maria
In stock,£13.99,"Starving Hearts (Triangular Trade Trilogy, #1)"
In stock,£20.66,Shakespeare's Sonnets
In stock,£17.46,Set Me Free
In stock,£52.29,Scott Pilgrim's Precious Little Life (Scott Pilgrim #1)
In stock,£35.02,Rip it Up and Start Again
In stock,£57.25,"Our Band Could Be Your Life: Scenes from the American Indie Underground, 1981-1991"
In stock,£23.88,Olio
In stock,£37.59,Mesaerion: The Best Science Fiction Stories 1800-1849
In stock,£51.33,Libertarianism for Beginners
In stock,£45.17,It's Only the Himalayas
In stock,£12.84,In Her Wake
In stock,£37.32,How Music Works
In stock,£30.52,"Foolproof Preserving: A Guide to Small Batch Jams, Jellies, Pickles, Condiments, and More: A Foolproof Guide to Making Small Batch Jams, Jellies, Pickles, Condiments, and More"
In stock,£25.27,Chase Me (Paris Nights #2)
In stock,£34.53,Black Dust
In stock,£54.64,Birdsong: A Story in Pictures
In stock,£22.50,America's Cradle of Quarterbacks: Western Pennsylvania's Football Factory from Johnny Unitas to Joe Montana
In stock,£53.13,Aladdin and His Wonderful Lamp
In stock,£40.30,Worlds Elsewhere: Journeys Around Shakespeare’s Globe
In stock,£44.18,Wall and Piece
In stock,£17.66,The Four Agreements: A Practical Guide to Personal Freedom
In stock,£31.05,The Five Love Languages: How to Express Heartfelt Commitment to Your Mate
In stock,£23.82,The Elephant Tree
In stock,£36.89,The Bear and the Piano
In stock,£15.94,Sophie's World
In stock,£33.29,Penny Maybe
In stock,£18.02,Maude (1883-1993):She Grew Up with the country
In stock,£19.63,"In a Dark, Dark Wood"
In stock,£52.22,Behind Closed Doors
In stock,£33.63,You can't bury them all: Poems
In stock,£57.31,Slow States of Collapse: Poems
In stock,£26.41,Reasons to Stay Alive
In stock,£47.61,Private Paris (Private #10)
In stock,£23.11,#HigherSelfie: Wake Up Your Life. Free Your Soul. Find Your Tribe.
In stock,£45.07,Without Borders (Wanderlove #1)
In stock,£31.77,When We Collided
In stock,£50.27,"We Love You, Charlie Freeman"
In stock,£14.27,Untitled Collection: Sabbath Poems 2014
In stock,£44.18,"Unseen City: The Majesty of Pigeons, the Discreet Charm of Snails & Other Wonders of the Urban Wilderness"
In stock,£18.78,Unicorn Tracks
In stock,£25.52,"Unbound: How Eight Technologies Made Us Human, Transformed Society, and Brought Our World to the Brink"
In stock,£16.28,Tsubasa: WoRLD CHRoNiCLE 2 (Tsubasa WoRLD CHRoNiCLE #2)
In stock,£31.12,Throwing Rocks at the Google Bus: How Growth Became the Enemy of Prosperity
In stock,£19.49,This One Summer
In stock,£17.27,Thirst
In stock,£19.09,The Torch Is Passed: A Harding Family Story
In stock,£56.13,The Secret of Dreadwillow Carse
In stock,£56.41,"The Pioneer Woman Cooks: Dinnertime: Comfort Classics, Freezer Food, 16-Minute Meals, and Other Delicious Ways to Solve Supper!"
In stock,£56.50,The Past Never Ends
In stock,£45.22,The Natural History of Us (The Fine Art of Pretending #2)
In stock,£38.16,The Nameless City (The Nameless City #1)
In stock,£54.11,The Murder That Never Was (Forensic Instincts #5)
In stock,£42.96,The Most Perfect Thing: Inside (and Outside) a Bird's Egg
In stock,£23.89,"The Mindfulness and Acceptance Workbook for Anxiety: A Guide to Breaking Free from Anxiety, Phobias, and Worry Using Acceptance and Commitment Therapy"
In stock,£16.77,The Life-Changing Magic of Tidying Up: The Japanese Art of Decluttering and Organizing
In stock,£20.59,"The Inefficiency Assassin: Time Management Tactics for Working Smarter, Not Longer"
In stock,£37.13,The Gutsy Girl: Escapades for Your Life of Epic Adventure
In stock,£56.06,The Electric Pencil: Drawings from Inside State Hospital No. 3
In stock,£58.11,The Death of Humanity: and the Case for Life
In stock,£49.05,"The Bulletproof Diet: Lose up to a Pound a Day, Reclaim Energy and Focus, Upgrade Your Life"
In stock,£40.76,The Art Forger
In stock,£19.73,The Age of Genius: The Seventeenth Century and the Birth of the Modern Mind
In stock,£32.24,The Activist's Tao Te Ching: Ancient Advice for a Modern Revolution
In stock,£41.83,Spark Joy: An Illustrated Master Class on the Art of Organizing and Tidying Up
In stock,£39.58,Soul Reader
In stock,£39.25,Security
In stock,£25.02,"Saga, Volume 6 (Saga (Collected Editions) #6)"
In stock,£51.04,"Saga, Volume 5 (Saga (Collected Editions) #5)"
In stock,£19.83,Reskilling America: Learning to Labor in the Twenty-First Century
In stock,£50.40,"Rat Queens, Vol. 3: Demons (Rat Queens (Collected Editions) #11-15)"
In stock,£13.61,"Princess Jellyfish 2-in-1 Omnibus, Vol. 01 (Princess Jellyfish 2-in-1 Omnibus #1)"
In stock,£13.34,Princess Between Worlds (Wide-Awake Princess #5)
In stock,£18.97,"Pop Gun War, Volume 1: Gift"
In stock,£36.28,"Political Suicide: Missteps, Peccadilloes, Bad Calls, Backroom Hijinx, Sordid Pasts, Rotten Breaks, and Just Plain Dumb Mistakes in the Annals of American Politics"
In stock,£10.16,Patience
In stock,£15.44,"Outcast, Vol. 1: A Darkness Surrounds Him (Outcast #1)"
In stock,£48.41,orange: The Complete Collection 1 (orange: The Complete Collection #1)
In stock,£46.35,Online Marketing for Busy Authors: A Step-By-Step Guide
In stock,£14.07,On a Midnight Clear
In stock,£14.86,Obsidian (Lux #1)
In stock,£33.37,My Paris Kitchen: Recipes and Stories
In stock,£56.40,Masks and Shadows
In stock,£14.02,"Mama Tried: Traditional Italian Cooking for the Screwed, Crude, Vegan, and Tattooed"
In stock,£46.91,"Lumberjanes, Vol. 2: Friendship to the Max (Lumberjanes #5-8)"
In stock,£45.61,"Lumberjanes, Vol. 1: Beware the Kitten Holy (Lumberjanes #1-4)"
In stock,£19.92,Lumberjanes Vol. 3: A Terrible Plan (Lumberjanes #9-12)
In stock,£40.11,"Layered: Baking, Building, and Styling Spectacular Cakes"
In stock,£53.90,Judo: Seven Steps to Black Belt (an Introductory Guide for Beginners)
In stock,£35.67,Join
In stock,£22.00,In the Country We Love: My Family Divided
In stock,£57.36,Immunity: How Elie Metchnikoff Changed the Course of Modern Medicine
In stock,£29.17,"I Hate Fairyland, Vol. 1: Madly Ever After (I Hate Fairyland (Compilations) #1-5)"
In stock,£54.63,I am a Hero Omnibus Volume 1
In stock,£46.03,How to Be Miserable: 40 Strategies You Already Use
In stock,£33.97,Her Backup Boyfriend (The Sorensen Family #1)
In stock,£22.11,"Giant Days, Vol. 2 (Giant Days #5-8)"
In stock,£29.69,Forever and Forever: The Courtship of Henry Longfellow and Fanny Appleton
In stock,£15.97,First and First (Five Boroughs #3)
In stock,£21.96,Fifty Shades Darker (Fifty Shades #2)
In stock,£54.35,Everydata: The Misinformation Hidden in the Little Data You Consume Every Day
In stock,£37.97,"Don't Be a Jerk: And Other Practical Advice from Dogen, Japan's Greatest Zen Master"
In stock,£51.99,Danganronpa Volume 1
In stock,£43.29,Crown of Midnight (Throne of Glass #2)
In stock,£36.72,"Codename Baboushka, Volume 1: The Conclave of Death"
In stock,£17.08,Camp Midnight
In stock,£29.14,Call the Nurse: True Stories of a Country Nurse on a Scottish Isle
In stock,£28.81,Burning
In stock,£49.46,Bossypants
In stock,£37.92,"Bitch Planet, Vol. 1: Extraordinary Machine (Bitch Planet (Collected Editions))"
In stock,£28.09,"Avatar: The Last Airbender: Smoke and Shadow, Part 3 (Smoke and Shadow #3)"
In stock,£30.81,Algorithms to Live By: The Computer Science of Human Decisions
In stock,£42.95,A World of Flavor: Your Gluten Free Passport
In stock,£56.76,"A Piece of Sky, a Grain of Rice: A Memoir in Four Meditations"
In stock,£16.64,A Murder in Time
In stock,£55.53,A Flight of Arrows (The Pathfinders #2)
In stock,£28.13,A Fierce and Subtle Poison
In stock,£52.37,A Court of Thorns and Roses (A Court of Thorns and Roses #1)
In stock,£54.00,(Un)Qualified: How God Uses Broken People to Do Big Things
In stock,£21.87,You Are What You Love: The Spiritual Power of Habit
In stock,£43.30,"William Shakespeare's Star Wars: Verily, A New Hope (William Shakespeare's Star Wars #4)"
In stock,£21.04,Tuesday Nights in 1980
In stock,£41.60,Tracing Numbers on a Train
In stock,£35.07,Throne of Glass (Throne of Glass #1)
In stock,£59.64,Thomas Jefferson and the Tripoli Pirates: The Forgotten War That Changed American History
In stock,£52.72,Thirteen Reasons Why
In stock,£58.08,The White Cat and the Monk: A Retelling of the Poem “Pangur Bán”
In stock,£24.12,The Wedding Dress
In stock,£42.15,The Vacationers
In stock,£12.61,The Third Wave: An Entrepreneur’s Vision of the Future
In stock,£17.44,The Stranger
In stock,£33.14,The Shadow Hero (The Shadow Hero)
In stock,£27.37,The Secret (The Secret #1)
In stock,£51.36,The Regional Office Is Under Attack!
In stock,£36.00,The Psychopath Test: A Journey Through the Madness Industry
In stock,£10.65,The Project
In stock,£43.54,The Power of Now: A Guide to Spiritual Enlightenment
In stock,£38.21,The Omnivore's Dilemma: A Natural History of Four Meals
In stock,£37.34,The Nerdy Nummies Cookbook: Sweet Treats for the Geek in All of Us
In stock,£44.10,The Murder of Roger Ackroyd (Hercule Poirot #4)
In stock,£43.29,The Mistake (Off-Campus #2)
In stock,£55.85,The Matchmaker's Playbook (Wingmen Inc. #1)
In stock,£37.60,The Love and Lemons Cookbook: An Apple-to-Zucchini Celebration of Impromptu Cooking
In stock,£10.97,The Long Shadow of Small Ghosts: Murder and Memory in an American City
In stock,£41.82,The Kite Runner
In stock,£36.95,The House by the Lake
In stock,£44.28,The Glittering Court (The Glittering Court #1)
In stock,£55.02,The Girl on the Train
In stock,£17.24,The Genius of Birds
In stock,£23.15,The Emerald Mystery
In stock,£41.25,The Cookies & Cups Cookbook: 125+ sweet & savory recipes reminding you to Always Eat Dessert First
In stock,£32.00,The Bridge to Consciousness: I'm Writing the Bridge Between Science and Our Old and New Beliefs.
In stock,£38.49,The Artist's Way: A Spiritual Path to Higher Creativity
In stock,£33.34,The Art of War
In stock,£10.93,The Argonauts
In stock,£27.55,The 10% Entrepreneur: Live Your Startup Dream Without Quitting Your Day Job
In stock,£55.99,Suddenly in Love (Lake Haven #1)
In stock,£16.24,Something More Than This
In stock,£26.12,Soft Apocalypse
In stock,£12.23,So You've Been Publicly Shamed
In stock,£23.99,Shoe Dog: A Memoir by the Creator of NIKE
In stock,£29.06,"Shobu Samurai, Project Aryoku (#3)"
In stock,£20.27,Secrets and Lace (Fatal Hearts #1)
In stock,£43.55,Scarlett Epstein Hates It Here
In stock,£36.94,Romero and Juliet: A Tragic Tale of Love and Zombies
In stock,£20.47,Redeeming Love
In stock,£41.06,Poses for Artists Volume 1 - Dynamic and Sitting Poses: An Essential Reference for Figure Drawing and the Human Form
In stock,£14.19,Poems That Make Grown Women Cry
In stock,£38.28,"Nightingale, Sing"
In stock,£41.05,Night Sky with Exit Wounds
In stock,£30.25,Mrs. Houdini
In stock,£28.26,Modern Romance
In stock,£10.76,Miss Peregrine’s Home for Peculiar Children (Miss Peregrine’s Peculiar Children #1)
In stock,£16.85,Louisa: The Extraordinary Life of Mrs. Adams
In stock,£13.47,Little Red
In stock,£48.56,Library of Souls (Miss Peregrine’s Peculiar Children #3)
In stock,£19.15,Large Print Heart of the Pride
In stock,£57.36,I Had a Nice Time And Other Lies...: How to find love & sh*t like that
In stock,£42.98,Hollow City (Miss Peregrine’s Peculiar Children #2)
In stock,£22.16,Grumbles
In stock,£49.43,Full Moon over Noah’s Ark: An Odyssey to Mount Ararat and Beyond
In stock,£29.99,Frostbite (Vampire Academy #2)
In stock,£21.36,Follow You Home
In stock,£29.00,First Steps for New Christians (Print Edition)
In stock,£53.53,Finders Keepers (Bill Hodges Trilogy #2)
In stock,£41.62,"Fables, Vol. 1: Legends in Exile (Fables #1)"
In stock,£54.59,Eureka Trivia 6.0
In stock,£34.95,Drive: The Surprising Truth About What Motivates Us
In stock,£37.72,Done Rubbed Out (Reightman & Bailey #1)
In stock,£35.61,Doing It Over (Most Likely To #1)
In stock,£42.16,"Deliciously Ella Every Day: Quick and Easy Recipes for Gluten-Free Snacks, Packed Lunches, and Simple Meals"
In stock,£19.19,Dark Notes
In stock,£19.43,"Daring Greatly: How the Courage to Be Vulnerable Transforms the Way We Live, Love, Parent, and Lead"
In stock,£49.46,Close to You
In stock,£37.80,Chasing Heaven: What Dying Taught Me About Living
In stock,£30.80,Big Magic: Creative Living Beyond Fear
In stock,£27.43,Becoming Wise: An Inquiry into the Mystery and Art of Living
In stock,£11.11,Beauty Restored (Riley Family Legacy Novellas #3)
In stock,£36.50,Batman: The Long Halloween (Batman)
In stock,£15.38,Batman: The Dark Knight Returns (Batman)
In stock,£15.48,Ayumi's Violin
In stock,£46.82,Anonymous
In stock,£18.46,Amy Meets the Saints and Sages
In stock,£36.58,Amid the Chaos
In stock,£50.54,Amatus
In stock,£12.51,Agnostic: A Spirited Manifesto
In stock,£24.70,Zealot: The Life and Times of Jesus of Nazareth
In stock,£43.61,You (You #1)
In stock,£37.34,"Wonder Woman: Earth One, Volume One (Wonder Woman: Earth One #1)"
In stock,£14.36,Wild Swans
In stock,£52.65,Why the Right Went Wrong: Conservatism--From Goldwater to the Tea Party and Beyond
In stock,£38.20,Whole Lotta Creativity Going On: 60 Fun and Unusual Exercises to Awaken and Strengthen Your Creativity
In stock,£19.60,What's It Like in Space?: Stories from Astronauts Who've Been There
In stock,£53.90,"We Are Robin, Vol. 1: The Vigilante Business (We Are Robin #1)"
In stock,£12.96,Walt Disney's Alice in Wonderland
In stock,£37.10,V for Vendetta (V for Vendetta Complete)
In stock,£46.31,Until Friday Night (The Field Party #1)
In stock,£45.95,"Unbroken: A World War II Story of Survival, Resilience, and Redemption"
In stock,£22.08,Twenty Yawns
In stock,£25.38,Through the Woods
In stock,£27.12,This Is Where It Ends
In stock,£43.04,The Year of Magical Thinking
In stock,£56.80,The Wright Brothers
In stock,£25.91,The White Queen (The Cousins' War #1)
In stock,£32.61,The Wedding Pact (The O'Malleys #2)
In stock,£27.88,The Time Keeper
In stock,£52.67,The Testament of Mary
In stock,£46.02,The Star-Touched Queen
In stock,£44.48,The Songs of the Gods
In stock,£37.40,The Song of Achilles
In stock,£54.04,The Rosie Project (Don Tillman #1)
In stock,£16.88,The Power of Habit: Why We Do What We Do in Life and Business
In stock,£28.08,The Marriage of Opposites
In stock,£10.40,The Lucifer Effect: Understanding How Good People Turn Evil
In stock,£44.07,The Long Haul (Diary of a Wimpy Kid #9)
In stock,£23.40,The Loney
In stock,£17.43,The Literature Book (Big Ideas Simply Explained)
In stock,£54.21,The Last Mile (Amos Decker #2)
In stock,£40.67,The Immortal Life of Henrietta Lacks
In stock,£52.26,The Hidden Oracle (The Trials of Apollo #1)
In stock,£28.77,The Help Yourself Cookbook for Kids: 60 Easy Plant-Based Recipes Kids Can Make to Stay Healthy and Save the Earth
In stock,£13.82,The Guilty (Will Robie #4)
In stock,£25.85,The First Hostage (J.B. Collins #2)
In stock,£48.78,The Dovekeepers
In stock,£35.35,The Darkest Lie
In stock,£44.73,The Bane Chronicles (The Bane Chronicles #1-11)
In stock,£15.77,The Bad-Ass Librarians of Timbuktu: And Their Race to Save the World’s Most Precious Manuscripts
In stock,£39.24,The 14th Colony (Cotton Malone #11)
In stock,£13.92,That Darkness (Gardiner and Renner #1)
In stock,£10.69,Tastes Like Fear (DI Marnie Rome #3)
In stock,£45.21,Take Me with You
In stock,£45.58,Swell: A Year of Waves
In stock,£11.89,Superman Vol. 1: Before Truth (Superman by Gene Luen Yang #1)
In stock,£26.41,Still Life with Bread Crumbs
In stock,£39.50,Steve Jobs
In stock,£44.74,Sorting the Beef from the Bull: The Science of Food Fraud Forensics
In stock,£52.79,Someone Like You (The Harrisons #2)
In stock,£35.43,"So Cute It Hurts!!, Vol. 6 (So Cute It Hurts!! #6)"
In stock,£55.84,Shtum
In stock,£48.87,See America: A Celebration of Our National Parks & Treasured Sites
In stock,£46.78,salt.
In stock,£47.82,Robin War
In stock,£25.48,"Red Hood/Arsenal, Vol. 1: Open for Business (Red Hood/Arsenal #1)"
In stock,£23.57,Rain Fish
In stock,£50.89,"Quarter Life Poetry: Poems for the Young, Broke and Hangry"
In stock,£10.56,Pet Sematary
In stock,£52.15,"Overload: How to Unplug, Unwind, and Unleash Yourself from the Pressure of Stress"
In stock,£18.28,Once Was a Time
In stock,£11.83,Old School (Diary of a Wimpy Kid #10)
In stock,£21.95,No Dream Is Too High: Life Lessons From a Man Who Walked on the Moon
In stock,£38.39,"Naruto (3-in-1 Edition), Vol. 14: Includes Vols. 40, 41 & 42 (Naruto: Omnibus #14)"
In stock,£41.56,My Name Is Lucy Barton
In stock,£24.48,My Mrs. Brown
In stock,£40.36,My Kind of Crazy
In stock,£28.90,Mr. Mercedes (Bill Hodges Trilogy #1)
In stock,£37.61,More Than Music (Chasing the Dream #1)
In stock,£38.85,Made to Stick: Why Some Ideas Survive and Others Die
In stock,£53.95,Luis Paints the World
In stock,£49.83,Luckiest Girl Alive
In stock,£51.51,Lowriders to the Center of the Earth (Lowriders in Space #2)
In stock,£18.03,Love Is a Mix Tape (Music #1)
In stock,£29.14,Looking for Lovely: Collecting the Moments that Matter
In stock,£46.91,"Living Leadership by Insight: A Good Leader Achieves, a Great Leader Builds Monuments"
In stock,£26.79,Let It Out: A Journey Through Journaling
In stock,£16.28,Lady Midnight (The Dark Artifices #1)
In stock,£19.55,"It's All Easy: Healthy, Delicious Weeknight Meals in under 30 Minutes"
In stock,£29.65,Island of Dragons (Unwanteds #7)
In stock,£25.98,I Know What I'm Doing -- and Other Lies I Tell Myself: Dispatches from a Life Under Construction
In stock,£10.60,I Am Pilgrim (Pilgrim #1)
In stock,£14.75,"Hyperbole and a Half: Unfortunate Situations, Flawed Coping Mechanisms, Mayhem, and Other Things That Happened"
In stock,£47.02,"Hush, Hush (Hush, Hush #1)"
In stock,£28.82,Hold Your Breath (Search and Rescue #1)
In stock,£58.79,Hamilton: The Revolution
In stock,£10.23,Greek Mythic History
In stock,£30.03,God: The Most Unpleasant Character in All Fiction
In stock,£45.84,Glory over Everything: Beyond The Kitchen House
In stock,£49.05,Feathers: Displays of Brilliant Plumage
In stock,£15.06,"Far & Away: Places on the Brink of Change: Seven Continents, Twenty-Five Years"
In stock,£46.47,Every Last Word
In stock,£27.09,Eligible (The Austen Project #4)
In stock,£57.62,El Deafo
In stock,£14.39,Eight Hundred Grapes
In stock,£51.75,"Eaternity: More than 150 Deliciously Easy Vegan Recipes for a Long, Healthy, Satisfied, Joyful Life"
In stock,£54.07,"Eat Fat, Get Thin"
In stock,£55.35,Don't Get Caught
In stock,£40.12,Doctor Sleep (The Shining #2)
In stock,£37.51,Demigods & Magicians: Percy and Annabeth Meet the Kanes (Percy Jackson & Kane Chronicles Crossover #1-3)
In stock,£11.21,Dear Mr. Knightley
In stock,£36.58,Daily Fantasy Sports
In stock,£47.72,Crazy Love: Overwhelmed by a Relentless God
In stock,£25.01,Cometh the Hour (The Clifton Chronicles #6)
In stock,£22.13,Code Name Verity (Code Name Verity #1)
In stock,£44.14,Clockwork Angel (The Infernal Devices #1)
In stock,£56.02,City of Glass (The Mortal Instruments #3)
In stock,£11.23,City of Fallen Angels (The Mortal Instruments #4)
In stock,£43.28,City of Bones (The Mortal Instruments #1)
In stock,£47.27,City of Ashes (The Mortal Instruments #2)
In stock,£20.29,Cell
In stock,£50.83,Catching Jordan (Hundred Oaks)
In stock,£31.85,"Carry On, Warrior: Thoughts on Life Unarmed"
In stock,£46.23,Carrie
In stock,£37.80,Buying In: The Secret Dialogue Between What We Buy and Who We Are
In stock,£49.32,Brain on Fire: My Month of Madness
In stock,£32.01,Batman: Europa
In stock,£28.01,Barefoot Contessa Back to Basics
In stock,£50.62,Barefoot Contessa at Home: Everyday Recipes You'll Make Over and Over Again
In stock,£17.03,Balloon Animals
In stock,£48.80,Art Ops Vol. 1
In stock,£58.14,Aristotle and Dante Discover the Secrets of the Universe (Aristotle and Dante Discover the Secrets of the Universe #1)
In stock,£34.20,Angels Walking (Angels Walking #1)
In stock,£51.48,Angels & Demons (Robert Langdon #1)
In stock,£29.87,All the Light We Cannot See
In stock,£10.90,"Adulthood Is a Myth: A ""Sarah's Scribbles"" Collection"
In stock,£56.37,Abstract City
In stock,£48.35,A Time of Torment (Charlie Parker #14)
In stock,£16.73,A Study in Scarlet (Sherlock Holmes #1)
In stock,£56.48,"A Series of Catastrophes and Miracles: A True Story of Love, Science, and Cancer"
In stock,£40.79,A People's History of the United States
In stock,£39.72,A Man Called Ove
In stock,£14.58,A Distant Mirror: The Calamitous 14th Century
In stock,£55.51,A Brush of Wings (Angels Walking #3)
In stock,£21.80,1491: New Revelations of the Americas Before Columbus
In stock,£13.33,"The Three Searches, Meaning, and the Story"
In stock,£38.73,Searching for Meaning in Gailana
In stock,£37.86,Rook
In stock,£11.53,My Kitchen Year: 136 Recipes That Saved My Life
In stock,£27.06,13 Hours: The Inside Account of What Really Happened In Benghazi
In stock,£13.86,Will You Won't You Want Me?
In stock,£37.55,Tipping Point for Planet Earth: How Close Are We to the Edge?
In stock,£32.30,The Star-Touched Queen
In stock,£46.29,The Silent Sister (Riley MacPherson #1)
In stock,£26.20,The Midnight Watch: A Novel of the Titanic and the Californian
In stock,£33.26,The Lonely City: Adventures in the Art of Being Alone
In stock,£59.15,The Gray Rhino: How to Recognize and Act on the Obvious Dangers We Ignore
In stock,£39.43,The Golden Condom: And Other Essays on Love Lost and Found
In stock,£14.44,The Epidemic (The Program 0.6)
In stock,£56.54,The Dinner Party
In stock,£59.90,The Diary of a Young Girl
In stock,£11.88,The Children
In stock,£48.05,Stars Above (The Lunar Chronicles #4.5)
In stock,£21.21,Snatched: How A Drug Queen Went Undercover for the DEA and Was Kidnapped By Colombian Guerillas
In stock,£49.67,Raspberry Pi Electronics Projects for the Evil Genius
In stock,£43.14,Quench Your Own Thirst: Business Lessons Learned Over a Beer or Two
In stock,£36.97,Psycho: Sanitarium (Psycho #1.5)
In stock,£26.80,Poisonous (Max Revere Novels #3)
In stock,£15.71,One with You (Crossfire #5)
In stock,£54.65,No Love Allowed (Dodge Cove #1)
In stock,£54.36,Murder at the 42nd Street Library (Raymond Ambler #1)
In stock,£35.28,Most Wanted
In stock,£20.55,"Love, Lies and Spies"
In stock,£58.32,How to Speak Golf: An Illustrated Guide to Links Lingo
In stock,£11.84,Hide Away (Eve Duncan #20)
In stock,£41.46,Furiously Happy: A Funny Book About Horrible Things
In stock,£20.10,Everyday Italian: 125 Simple and Delicious Recipes
In stock,£56.86,Equal Is Unfair: America's Misguided Fight Against Income Inequality
In stock,£56.51,Eleanor & Park
In stock,£40.83,Dirty (Dive Bar #1)
In stock,£48.64,Can You Keep a Secret? (Fear Street Relaunch #4)
In stock,£59.48,Boar Island (Anna Pigeon #19)
In stock,£39.01,A Paris Apartment
In stock,£38.77,"A la Mode: 120 Recipes in 60 Pairings: Pies, Tarts, Cakes, Crisps, and More Topped with Ice Cream, Gelato, Frozen Custard, and More"
In stock,£48.39,Troublemaker: Surviving Hollywood and Scientology
In stock,£27.26,The Widow
In stock,£11.68,"The Sleep Revolution: Transforming Your Life, One Night at a Time"
In stock,£59.45,The Improbability of Love
In stock,£21.00,The Art of Startup Fundraising
In stock,£53.98,Take Me Home Tonight (Rock Star Romance #3)
In stock,£48.74,Sleeping Giants (Themis Files #1)
In stock,£21.15,"Setting the World on Fire: The Brief, Astonishing Life of St. Catherine of Siena"
In stock,£13.71,Playing with Fire
In stock,£47.67,Off the Hook (Fishing for Trouble #1)
In stock,£13.34,Mothering Sunday
In stock,£16.89,"Mother, Can You Not?"
In stock,£27.18,M Train
In stock,£17.28,Lilac Girls
In stock,£45.14,Lies and Other Acts of Love
In stock,£40.85,Lab Girl
In stock,£20.46,Keep Me Posted
In stock,£56.27,It Didn't Start with You: How Inherited Family Trauma Shapes Who We Are and How to End the Cycle
In stock,£48.49,Grey (Fifty Shades #4)
In stock,£51.34,"Exit, Pursued by a Bear"
In stock,£16.34,Daredevils
In stock,£20.50,Cravings: Recipes for What You Want to Eat
In stock,£21.59,Born for This: How to Find the Work You Were Meant to Do
In stock,£21.36,Arena
In stock,£20.88,Adultery
In stock,£19.53,A Mother's Reckoning: Living in the Aftermath of Tragedy
In stock,£14.75,A Gentleman's Position (Society of Gentlemen #3)
In stock,£48.48,11/22/63
In stock,£24.57,"10% Happier: How I Tamed the Voice in My Head, Reduced Stress Without Losing My Edge, and Found Self-Help That Actually Works"
In stock,£49.71,10-Day Green Smoothie Cleanse: Lose Up to 15 Pounds in 10 Days!
In stock,£48.27,Without Shame
In stock,£58.05,Watchmen
In stock,£58.87,Unlimited Intuition Now
In stock,£11.82,Underlying Notes
In stock,£28.03,The Shack
In stock,£44.05,The New Brand You: Your New Image Makes the Sale for You
In stock,£12.34,"The Moosewood Cookbook: Recipes from Moosewood Restaurant, Ithaca, New York"
In stock,£16.68,The Flowers Lied
In stock,£55.91,"The Fabric of the Cosmos: Space, Time, and the Texture of Reality"
In stock,£24.57,The Book of Mormon
In stock,£52.98,The Art and Science of Low Carbohydrate Living
In stock,£54.40,The Alien Club
In stock,£54.81,Suzie Snowflake: One beautiful flake (a self-esteem story)
In stock,£25.08,Nap-a-Roo
In stock,£10.41,"NaNo What Now? Finding your editing process, revising your NaNoWriMo book and building a writing career through publishing and beyond"
In stock,£47.44,Modern Day Fables
In stock,£20.91,If I Gave You God's Phone Number....: Searching for Spirituality in America
In stock,£33.95,"Fruits Basket, Vol. 9 (Fruits Basket #9)"
In stock,£43.68,Dress Your Family in Corduroy and Denim
In stock,£33.23,Don't Forget Steven
In stock,£35.92,Chernobyl 01:23:40: The Incredible True Story of the World's Worst Nuclear Disaster
In stock,£48.63,Art and Fear: Observations on the Perils (and Rewards) of Artmaking
In stock,£56.63,A Shard of Ice (The Black Symphony Saga #1)
In stock,£50.49,A Hero's Curse (The Unseen Chronicles #1)
In stock,£35.79,23 Degrees South: A Tropical Tale of Changing Whether...
In stock,£34.06,"Zero to One: Notes on Startups, or How to Build the Future"
In stock,£17.76,Why Not Me?
In stock,£39.36,When Breath Becomes Air
In stock,£36.94,Vagabonding: An Uncommon Guide to the Art of Long-Term World Travel
In stock,£43.62,The Unlikely Pilgrimage of Harold Fry (Harold Fry #1)
In stock,£43.02,The New Drawing on the Right Side of the Brain
In stock,£28.45,"The Midnight Assassin: Panic, Scandal, and the Hunt for America's First Serial Killer"
In stock,£41.39,The Martian (The Martian #1)
In stock,£51.15,The High Mountains of Portugal
In stock,£35.88,The Grownup
In stock,£36.91,The E-Myth Revisited: Why Most Small Businesses Don't Work and What to Do About It
In stock,£28.93,South of Sunshine
In stock,£38.89,Smarter Faster Better: The Secrets of Being Productive in Life and Business
In stock,£58.33,Silence in the Dark (Logan Point #4)
In stock,£39.67,Shadows of the Past (Logan Point #1)
In stock,£14.10,Roller Girl
In stock,£21.82,Rising Strong
In stock,£54.21,Proofs of God: Classical Arguments from Tertullian to Barth
In stock,£31.19,Please Kill Me: The Uncensored Oral History of Punk
In stock,£53.64,Out of Print: City Lights Spotlight No. 14
In stock,£36.39,My Life Next Door (My Life Next Door )
In stock,£58.54,Miller's Valley
In stock,£29.48,Man's Search for Meaning
In stock,£25.06,"Love That Boy: What Two Presidents, Eight Road Trips, and My Son Taught Me About a Parent's Expectations"
In stock,£12.55,Living Forward: A Proven Plan to Stop Drifting and Get the Life You Want
In stock,£29.04,Les Fleurs du Mal
In stock,£40.72,Left Behind (Left Behind #1)
In stock,£45.05,Kill 'Em and Leave: Searching for James Brown and the American Soul
In stock,£47.13,Kierkegaard: A Christian Missionary to Christians
In stock,£20.22,John Vassos: Industrial Design for Modern Life
In stock,£56.48,I'll Give You the Sun
In stock,£44.21,I Will Find You
In stock,£21.96,Hystopia: A Novel
In stock,£40.45,Howl and Other Poems
In stock,£10.29,History of Beauty
In stock,£52.86,Heaven is for Real: A Little Boy's Astounding Story of His Trip to Heaven and Back
In stock,£55.65,Future Shock (Future Shock #1)
In stock,£43.64,Ender's Game (The Ender Quintet #1)
In stock,£28.41,Diary of a Citizen Scientist: Chasing Tiger Beetles and Other New Ways of Engaging the World
In stock,£37.51,Death by Leisure: A Cautionary Tale
In stock,£11.45,Brilliant Beacons: A History of the American Lighthouse
In stock,£19.22,Brazen: The Courage to Find the You That's Been Hiding
In stock,£56.91,Between the World and Me
In stock,£55.06,Being Mortal: Medicine and What Matters in the End
In stock,£13.20,"A Murder Over a Girl: Justice, Gender, Junior High"
In stock,£53.63,32 Yolks
In stock,£44.48,"""Most Blessed of the Patriarchs"": Thomas Jefferson and the Empire of the Imagination"
In stock,£12.08,You Are a Badass: How to Stop Doubting Your Greatness and Start Living an Awesome Life
In stock,£22.14,Wildlife of New York: A Five-Borough Coloring Book
In stock,£25.37,What Happened on Beale Street (Secrets of the South Mysteries #2)
In stock,£46.33,Unreasonable Hope: Finding Faith in the God Who Brings Purpose to Your Pain
In stock,£37.33,Under the Tuscan Sun
In stock,£25.55,Toddlers Are A**holes: It's Not Your Fault
In stock,£34.72,The Year of Living Biblically: One Man's Humble Quest to Follow the Bible as Literally as Possible
In stock,£35.96,The Whale
In stock,£41.14,The Story of Art
In stock,£10.01,The Origin of Species
In stock,£36.05,The Great Gatsby
In stock,£49.03,The Good Girl
In stock,£16.24,The Glass Castle
In stock,£39.55,The Faith of Christopher Hitchens: The Restless Soul of the World's Most Notorious Atheist
In stock,£35.67,The Drowning Girls
In stock,£16.62,The Constant Princess (The Tudor Court #1)
In stock,£42.78,The Bourne Identity (Jason Bourne #1)
In stock,£52.30,The Bachelor Girl's Guide to Murder (Herringford and Watts Mysteries #1)
In stock,£32.34,The Art Book
In stock,£33.17,The 7 Habits of Highly Effective People: Powerful Lessons in Personal Change
In stock,£20.12,Team of Rivals: The Political Genius of Abraham Lincoln
In stock,£20.90,Steal Like an Artist: 10 Things Nobody Told You About Being Creative
In stock,£20.90,"Sit, Stay, Love"
In stock,£40.20,Sister Dear
In stock,£52.87,"Shrunken Treasures: Literary Classics, Short, Sweet, and Silly"
In stock,£51.74,"Rich Dad, Poor Dad"
In stock,£34.41,Raymie Nightingale
In stock,£32.38,Playing from the Heart
In stock,£50.35,Nightstruck: A Novel
In stock,£11.38,"Naturally Lean: 125 Nourishing Gluten-Free, Plant-Based Recipes--All Under 300 Calories"
In stock,£43.58,Meternity
In stock,£49.67,Memoirs of a Geisha
In stock,£28.77,Like Never Before (Walker Family #2)
In stock,£13.22,Life of Pi
In stock,£51.17,Leave This Song Behind: Teen Poetry at Its Best
In stock,£39.61,King's Folly (The Kinsman Chronicles #1)
In stock,£57.43,John Adams
In stock,£46.01,How to Cook Everything Vegetarian: Simple Meatless Recipes for Great Food (How to Cook Everything)
In stock,£28.25,How to Be a Domestic Goddess: Baking and the Art of Comfort Cooking
In stock,£37.05,Good in Bed (Cannie Shapiro #1)
In stock,£19.57,"Fruits Basket, Vol. 7 (Fruits Basket #7)"
In stock,£45.13,For the Love: Fighting for Grace in a World of Impossible Standards
In stock,£46.64,Finding God in the Ruins: How God Redeems Pain
In stock,£12.16,Every Heart a Doorway (Every Heart A Doorway #1)
In stock,£20.89,Delivering the Truth (Quaker Midwife Mystery #1)
In stock,£17.97,Counted With the Stars (Out from Egypt #1)
In stock,£52.60,"Chronicles, Vol. 1"
In stock,£25.77,Blue Like Jazz: Nonreligious Thoughts on Christian Spirituality
In stock,£48.19,Benjamin Franklin: An American Life
In stock,£29.93,"At The Existentialist Café: Freedom, Being, and apricot cocktails with: Jean-Paul Sartre, Simone de Beauvoir, Albert Camus, Martin Heidegger, Edmund Husserl, Karl Jaspers, Maurice Merleau-Ponty and others"
In stock,£44.34,A Summer In Europe
In stock,£52.40,A Short History of Nearly Everything
In stock,£44.81,A Gathering of Shadows (Shades of Magic #2)
In stock,£57.84,The Sound Of Love
In stock,£39.67,The Rise and Fall of the Third Reich: A History of Nazi Germany
In stock,£55.02,The Perks of Being a Wallflower
In stock,£24.80,The Mysterious Affair at Styles (Hercule Poirot #1)
In stock,£59.45,The Man Who Mistook His Wife for a Hat and Other Clinical Tales
In stock,£31.58,The Makings of a Fatherless Child
In stock,£43.27,The Joy of Cooking
In stock,£37.34,The Invention of Wings
In stock,£17.80,The Hobbit (Middle-Earth Universe)
In stock,£30.54,The Great Railway Bazaar
In stock,£18.77,The Golden Compass (His Dark Materials #1)
In stock,£46.85,The God Delusion
In stock,£15.79,The Girl You Left Behind (The Girl You Left Behind #1)
In stock,£10.27,The Fellowship of the Ring (The Lord of the Rings #1)
In stock,£15.42,The Collected Poems of W.B. Yeats (The Collected Works of W.B. Yeats #1)
In stock,£59.92,The Barefoot Contessa Cookbook
In stock,£50.96,Tell the Wolves I'm Home
In stock,£30.60,Ship Leaves Harbor: Essays on Travel by a Recovering Journeyman
In stock,£19.27,Pride and Prejudice
In stock,£46.58,Musicophilia: Tales of Music and the Brain
In stock,£48.51,Mere Christianity
In stock,£19.02,Me Before You (Me Before You #1)
In stock,£38.38,In the Woods (Dublin Murder Squad #1)
In stock,£49.98,In Cold Blood
In stock,£46.49,How to Stop Worrying and Start Living
In stock,£18.32,Give It Back
In stock,£42.14,"Girl, Interrupted"
In stock,£56.59,Fun Home: A Family Tragicomic
In stock,£20.96,"Fruits Basket, Vol. 6 (Fruits Basket #6)"
In stock,£40.32,Deception Point
In stock,£36.39,"Death Note, Vol. 6: Give-and-Take (Death Note #6)"
In stock,£58.55,Catherine the Great: Portrait of a Woman
In stock,£39.61,Better Homes and Gardens New Cook Book
In stock,£21.30,An Unquiet Mind: A Memoir of Moods and Madness
In stock,£56.88,A Year in Provence (Provence #1)
In stock,£32.97,World Without End (The Pillars of the Earth #2)
In stock,£47.31,"Will Grayson, Will Grayson (Will Grayson, Will Grayson)"
In stock,£48.67,Why Save the Bankers?: And Other Essays on Our Economic and Political Crisis
In stock,£41.73,Where She Went (If I Stay #2)
In stock,£53.68,What If?: Serious Scientific Answers to Absurd Hypothetical Questions
In stock,£14.64,Two Summers
In stock,£38.40,This Is Your Brain on Music: The Science of a Human Obsession
In stock,£15.08,The Secret Garden
In stock,£30.57,The Raven King (The Raven Cycle #4)
In stock,£57.74,The Raven Boys (The Raven Cycle #1)
In stock,£11.05,The Power Greens Cookbook: 140 Delicious Superfood Recipes
In stock,£28.58,The Metamorphosis
In stock,£42.91,The Mathews Men: Seven Brothers and the War Against Hitler's U-boats
In stock,£24.73,The Little Paris Bookshop
In stock,£55.91,The Hiding Place
In stock,£13.76,The Grand Design
In stock,£45.56,The Firm
In stock,£47.22,The Fault in Our Stars
In stock,£56.00,The False Prince (The Ascendance Trilogy #1)
In stock,£44.58,The Expatriates
In stock,£34.50,The Dream Thieves (The Raven Cycle #2)
In stock,£11.33,The Darkest Corners
In stock,£38.77,The Crossover
In stock,£11.83,The 5th Wave (The 5th Wave #1)
In stock,£45.51,Tell the Wind and Fire
In stock,£41.81,Tell Me Three Things
In stock,£25.15,Talking to Girls About Duran Duran: One Young Man's Quest for True Love and a Cooler Haircut
In stock,£34.22,Siddhartha
In stock,£16.23,Shiver (The Wolves of Mercy Falls #1)
In stock,£11.48,Remember Me?
In stock,£23.37,Red Dragon (Hannibal Lecter #1)
In stock,£16.28,Peak: Secrets from the New Science of Expertise
In stock,£31.63,My Mother Was Nuts
In stock,£24.91,Mexican Today: New and Rediscovered Recipes for Contemporary Kitchens
In stock,£22.54,Maybe Something Beautiful: How Art Transformed a Neighborhood
In stock,£23.63,Lola and the Boy Next Door (Anna and the French Kiss #2)
In stock,£13.12,Logan Kade (Fallen Crest High #5.5)
In stock,£59.98,Last One Home (New Beginnings #1)
In stock,£31.49,Killing Floor (Jack Reacher #1)
In stock,£15.52,Kill the Boy Band
In stock,£48.13,Isla and the Happily Ever After (Anna and the French Kiss #3)
In stock,£38.13,If I Stay (If I Stay #1)
In stock,£36.55,I Know Why the Caged Bird Sings (Maya Angelou's Autobiography #1)
In stock,£23.32,Harry Potter and the Deathly Hallows (Harry Potter #7)
In stock,£16.33,"Fruits Basket, Vol. 5 (Fruits Basket #5)"
In stock,£32.42,Foundation (Foundation (Publication Order) #1)
In stock,£16.96,Fool Me Once
In stock,£22.37,Find Her (Detective D.D. Warren #8)
In stock,£42.27,Evicted: Poverty and Profit in the American City
In stock,£38.70,Drama
In stock,£35.63,Dracula the Un-Dead
In stock,£58.00,Digital Fortress
In stock,£52.41,"Death Note, Vol. 5: Whiteout (Death Note #5)"
In stock,£32.35,"Data, A Love Story: How I Gamed Online Dating to Meet My Match"
In stock,£20.75,Critique of Pure Reason
In stock,£17.49,Booked
In stock,£34.13,"Blue Lily, Lily Blue (The Raven Cycle #3)"
In stock,£58.81,Approval Junkie: Adventures in Caring Too Much
In stock,£10.00,An Abundance of Katherines
In stock,£51.22,America's War for the Greater Middle East: A Military History
In stock,£58.59,Alight (The Generations Trilogy #2)
In stock,£31.30,A Girl's Guide to Moving On (New Beginnings #2)
In stock,£46.42,A Game of Thrones (A Song of Ice and Fire #1)
In stock,£17.21,A Feast for Crows (A Song of Ice and Fire #4)
In stock,£10.79,A Clash of Kings (A Song of Ice and Fire #2)
In stock,£52.35,Vogue Colors A to Z: A Fashion Coloring Book
In stock,£27.88,The Shining (The Shining #1)
In stock,£50.26,The Pilgrim's Progress
In stock,£59.99,The Perfect Play (Play by Play #1)
In stock,£28.32,The Passion of Dolssa
In stock,£38.71,The Jazz of Physics: The Secret Link Between Music and the Structure of the Universe
In stock,£29.85,The Hunger Games (The Hunger Games #1)
In stock,£14.82,The Hound of the Baskervilles (Sherlock Holmes #5)
In stock,£16.81,The Gunning of America: Business and the Making of American Gun Culture
In stock,£28.23,The Geography of Bliss: One Grump's Search for the Happiest Places in the World
In stock,£52.11,The Demonists (Demonist #1)
In stock,£27.88,"The Demon Prince of Momochi House, Vol. 4 (The Demon Prince of Momochi House #4)"
In stock,£59.71,The Bone Hunters (Lexy Vaughan & Steven Macaulay #2)
In stock,£46.08,The Beast (Black Dagger Brotherhood #14)
In stock,£13.73,Some Women
In stock,£48.39,Shopaholic Ties the Knot (Shopaholic #3)
In stock,£49.45,Paper and Fire (The Great Library #2)
In stock,£19.67,Outlander (Outlander #1)
In stock,£12.36,"Orchestra of Exiles: The Story of Bronislaw Huberman, the Israel Philharmonic, and the One Thousand Jews He Saved from Nazi Horrors"
In stock,£20.02,No One Here Gets Out Alive
In stock,£12.75,Night Shift (Night Shift #1-20)
In stock,£47.51,Needful Things
In stock,£20.44,Mockingjay (The Hunger Games #3)
In stock,£34.79,Misery
In stock,£28.07,Little Women (Little Women #1)
In stock,£25.01,It
In stock,£13.90,Harry Potter and the Sorcerer's Stone (Harry Potter #1)
In stock,£24.17,Harry Potter and the Prisoner of Azkaban (Harry Potter #3)
In stock,£31.63,Harry Potter and the Order of the Phoenix (Harry Potter #5)
In stock,£48.75,Harry Potter and the Half-Blood Prince (Harry Potter #6)
In stock,£14.74,Harry Potter and the Chamber of Secrets (Harry Potter #2)
In stock,£32.49,Gone with the Wind
In stock,£27.80,God Is Not Great: How Religion Poisons Everything
In stock,£26.77,Girl With a Pearl Earring
In stock,£50.44,"Fruits Basket, Vol. 4 (Fruits Basket #4)"
In stock,£34.93,Far From True (Promise Falls Trilogy #2)
In stock,£12.87,Dark Lover (Black Dagger Brotherhood #1)
In stock,£48.94,Confessions of a Shopaholic (Shopaholic #1)
In stock,£13.38,Changing the Game (Play by Play #2)
In stock,£58.63,Candide
In stock,£21.94,Can You Keep a Secret?
In stock,£26.58,Atlas Shrugged
In stock,£57.22,Animal Farm
In stock,£56.43,A Walk to Remember
In stock,£55.65,A New Earth: Awakening to Your Life's Purpose
In stock,£27.62,"A History of God: The 4,000-Year Quest of Judaism, Christianity, and Islam"
In stock,£49.56,'Salem's Lot
In stock,£34.77,Zero History (Blue Ant #3)
In stock,£17.73,Wuthering Heights
In stock,£21.80,World War Z: An Oral History of the Zombie War
In stock,£46.02,Wild: From Lost to Found on the Pacific Crest Trail
In stock,£18.13,"Where'd You Go, Bernadette"
In stock,£30.89,When You Are Engulfed in Flames
In stock,£31.95,We the People: The Modern-Day Figures Who Have Reshaped and Affirmed the Founding Fathers' Vision of America
In stock,£24.04,We Are All Completely Beside Ourselves
In stock,£32.36,Walk the Edge (Thunder Road #2)
In stock,£21.07,Voyager (Outlander #3)
In stock,£50.66,Very Good Lives: The Fringe Benefits of Failure and the Importance of Imagination
In stock,£13.66,Vegan Vegetarian Omnivore: Dinner for Everyone at the Table
In stock,£58.09,"Unstuffed: Decluttering Your Home, Mind, and Soul"
In stock,£30.00,Under the Banner of Heaven: A Story of Violent Faith
In stock,£32.74,Two Boys Kissing
In stock,£41.93,Twilight (Twilight #1)
In stock,£42.80,Twenties Girl
In stock,£53.51,"Trespassing Across America: One Man's Epic, Never-Done-Before (and Sort of Illegal) Hike Across the Heartland"
In stock,£23.21,Three-Martini Lunch
In stock,£21.14,"Thinking, Fast and Slow"
In stock,£56.07,The Wild Robot
In stock,£14.41,"The Wicked + The Divine, Vol. 3: Commercial Suicide (The Wicked + The Divine)"
In stock,£45.75,The Undomestic Goddess
In stock,£15.77,The Travelers
In stock,£10.02,The Tipping Point: How Little Things Can Make a Big Difference
In stock,£48.77,The Thing About Jellyfish
In stock,£57.86,The Stand
In stock,£23.59,The Smitten Kitchen Cookbook
In stock,£23.05,The Silkworm (Cormoran Strike #2)
In stock,£55.55,"The Sandman, Vol. 3: Dream Country (The Sandman (volumes) #3)"
In stock,£58.64,The Rose & the Dagger (The Wrath and the Dawn #2)
In stock,£23.21,The Road to Little Dribbling: Adventures of an American in Britain (Notes From a Small Island #2)
In stock,£42.57,The Rise of Theodore Roosevelt (Theodore Roosevelt #1)
In stock,£10.92,The Restaurant at the End of the Universe (Hitchhiker's Guide to the Galaxy #2)
In stock,£34.77,The Rest Is Noise: Listening to the Twentieth Century
In stock,£35.66,The Red Tent
In stock,£37.19,The Purpose Driven Life: What on Earth Am I Here for?
In stock,£12.25,The Purest Hook (Second Circle Tattoos #3)
In stock,£29.70,The Picture of Dorian Gray
In stock,£36.80,The Paris Wife
In stock,£45.43,The Obsession
In stock,£26.26,The Nightingale
In stock,£44.92,The New Guy (and Other Senior Year Distractions)
In stock,£52.53,The Nanny Diaries (Nanny #1)
In stock,£37.25,The Name of God is Mercy
In stock,£20.93,The Maze Runner (The Maze Runner #1)
In stock,£58.09,The Lover's Dictionary
In stock,£43.59,The Lonely Ones
In stock,£33.92,The Lean Startup: How Today's Entrepreneurs Use Continuous Innovation to Create Radically Successful Businesses
In stock,£55.55,The Last Painting of Sara de Vos
In stock,£29.64,"The Land of 10,000 Madonnas"
In stock,£27.41,The Infinities
In stock,£52.51,The Husband's Secret
In stock,£47.80,The Hitchhiker's Guide to the Galaxy (Hitchhiker's Guide to the Galaxy #1)
In stock,£14.54,The Guns of August
In stock,£49.53,The Guernsey Literary and Potato Peel Pie Society
In stock,£43.58,The Goldfinch
In stock,£12.30,The Giver (The Giver Quartet #1)
In stock,£49.47,The Girl with All the Gifts
In stock,£22.14,The Girl Who Played with Fire (Millennium Trilogy #2)
In stock,£57.48,The Girl Who Kicked the Hornet's Nest (Millennium Trilogy #3)
In stock,£43.45,The Exiled
In stock,£22.13,"The End of Faith: Religion, Terror, and the Future of Reason"
In stock,£13.03,"The Elegant Universe: Superstrings, Hidden Dimensions, and the Quest for the Ultimate Theory"
In stock,£57.35,"The Disappearing Spoon: And Other True Tales of Madness, Love, and the History of the World from the Periodic Table of the Elements"
In stock,£44.29,The Devil Wears Prada (The Devil Wears Prada #1)
In stock,£52.25,The Demon-Haunted World: Science as a Candle in the Dark
In stock,£26.33,The Day the Crayons Came Home (Crayons)
In stock,£22.96,The Da Vinci Code (Robert Langdon #2)
In stock,£19.21,The Cuckoo's Calling (Cormoran Strike #1)
In stock,£26.78,The Complete Stories and Poems (The Works of Edgar Allan Poe [Cameo Edition])
In stock,£41.32,The Complete Poems
In stock,£24.55,The Catcher in the Rye
In stock,£16.26,The Cat in the Hat (Beginner Books B-1)
In stock,£47.84,The Case for Christ (Cases for Christianity)
In stock,£53.49,The Book Thief
In stock,£44.84,The Book of Basketball: The NBA According to The Sports Guy
In stock,£53.71,The Blind Side: Evolution of a Game
In stock,£23.43,The Autobiography of Malcolm X
In stock,£34.32,"The Art of Simple Food: Notes, Lessons, and Recipes from a Delicious Revolution"
In stock,£22.10,The Art of Fielding
In stock,£25.83,"Surely You're Joking, Mr. Feynman!: Adventures of a Curious Character"
In stock,£36.74,Stiff: The Curious Lives of Human Cadavers
In stock,£49.51,Spilled Milk: Based on a True Story
In stock,£48.96,Something Borrowed (Darcy & Rachel #1)
In stock,£54.62,Something Blue (Darcy & Rachel #2)
In stock,£24.72,Soldier (Talon #3)
In stock,£46.45,Shopaholic & Baby (Shopaholic #5)
In stock,£52.33,Seven Days in the Art World
In stock,£30.60,Seven Brief Lessons on Physics
In stock,£14.57,Scarlet (The Lunar Chronicles #2)
In stock,£46.29,Sarah's Key
In stock,£21.57,"Saga, Volume 3 (Saga (Collected Editions) #3)"
In stock,£12.91,Running with Scissors
In stock,£50.11,Rogue Lawyer (Rogue Lawyer #1)
In stock,£41.67,"Rise of the Rocket Girls: The Women Who Propelled Us, from Missiles to the Moon to Mars"
In stock,£44.88,Rework
In stock,£11.10,Reservations for Two
In stock,£28.54,Red: The True Story of Red Riding Hood
In stock,£19.07,Ready Player One
In stock,£43.55,Quiet: The Power of Introverts in a World That Can't Stop Talking
In stock,£43.63,Prodigy: The Graphic Novel (Legend: The Graphic Novel #2)
In stock,£39.13,Persepolis: The Story of a Childhood (Persepolis #1-2)
In stock,£56.68,Packing for Mars: The Curious Science of Life in the Void
In stock,£14.16,Outliers: The Story of Success
In stock,£31.45,Original Fake
In stock,£24.61,Orange Is the New Black
In stock,£32.87,One for the Money (Stephanie Plum #1)
In stock,£40.17,Notes from a Small Island (Notes From a Small Island #1)
In stock,£13.51,Night (The Night Trilogy #1)
In stock,£38.95,Neither Here nor There: Travels in Europe
In stock,£31.69,Naked
In stock,£29.40,Morning Star (Red Rising #3)
In stock,£57.83,"Miracles from Heaven: A Little Girl, Her Journey to Heaven, and Her Amazing Story of Healing"
In stock,£55.46,Midnight Riot (Peter Grant/ Rivers of London - books #1)
In stock,£57.60,Me Talk Pretty One Day
In stock,£34.98,Manuscript Found in Accra
In stock,£11.87,Lust & Wonder
In stock,£12.47,Lila (Gilead #3)
In stock,£33.26,"Life, the Universe and Everything (Hitchhiker's Guide to the Galaxy #3)"
In stock,£59.04,Life Without a Recipe
In stock,£26.13,Life After Life
In stock,£22.20,Letter to a Christian Nation
In stock,£45.11,Let's Pretend This Never Happened: A Mostly True Memoir
In stock,£43.69,Legend (Legend #1)
In stock,£25.02,"Lean In: Women, Work, and the Will to Lead"
In stock,£55.50,"Lamb: The Gospel According to Biff, Christ's Childhood Pal"
In stock,£53.04,Lady Renegades (Rebel Belle #3)
In stock,£44.97,Jurassic Park (Jurassic Park #1)
In stock,£42.38,It's Never Too Late to Begin Again: Discovering Creativity and Meaning at Midlife and Beyond
In stock,£20.11,Is Everyone Hanging Out Without Me? (And Other Concerns)
In stock,£56.70,Into the Wild
In stock,£41.00,Inferno (Robert Langdon #4)
In stock,£28.85,"In the Garden of Beasts: Love, Terror, and an American Family in Hitler's Berlin"
In stock,£49.97,If I Run (If I Run #1)
In stock,£19.69,I've Got Your Number
In stock,£28.88,I Am Malala: The Girl Who Stood Up for Education and Was Shot by the Taliban
In stock,£33.14,Hungry Girl Clean & Hungry: Easy All-Natural Recipes for Healthy Eating in the Real World
In stock,£43.70,"House of Lost Worlds: Dinosaurs, Dynasties, and the Story of Life on Earth"
In stock,£54.89,House of Leaves
In stock,£37.52,Horrible Bear!
In stock,£51.07,Holidays on Ice
In stock,£44.07,Heir to the Sky
In stock,£10.79,Green Eggs and Ham (Beginner Books B-16)
In stock,£42.72,"Grayson, Vol 3: Nemesis (Grayson #3)"
In stock,£26.66,Gratitude
In stock,£37.60,Gone Girl
In stock,£42.21,Golden (Heart of Dread #3)
In stock,£46.83,Girl in the Blue Coat
In stock,£45.17,"Fruits Basket, Vol. 3 (Fruits Basket #3)"
In stock,£51.22,"Friday Night Lights: A Town, a Team, and a Dream"
In stock,£21.28,Fire Bound (Sea Haven/Sisters of the Heart #5)
In stock,£15.36,Fifty Shades Freed (Fifty Shades #3)
In stock,£38.62,Fellside
In stock,£25.40,Extreme Prey (Lucas Davenport #26)
In stock,£43.87,Eragon (The Inheritance Cycle #1)
In stock,£18.74,Eclipse (Twilight #3)
In stock,£54.86,Dune (Dune #1)
In stock,£52.62,Dracula
In stock,£51.48,Do Androids Dream of Electric Sheep? (Blade Runner #1)
In stock,£15.28,Disrupted: My Misadventure in the Start-Up Bubble
In stock,£39.24,Dead Wake: The Last Crossing of the Lusitania
In stock,£17.81,"David and Goliath: Underdogs, Misfits, and the Art of Battling Giants"
In stock,£56.02,Darkfever (Fever #1)
In stock,£23.90,Dark Places
In stock,£49.13,Crazy Rich Asians (Crazy Rich Asians #1)
In stock,£10.62,Counting Thyme
In stock,£36.17,Cosmos
In stock,£59.95,Civilization and Its Discontents
In stock,£26.09,Cinder (The Lunar Chronicles #1)
In stock,£37.35,Catastrophic Happiness: Finding Joy in Childhood's Messy Years
In stock,£24.72,Career of Evil (Cormoran Strike #3)
In stock,£35.28,Breaking Dawn (Twilight #4)
In stock,£51.32,Brave Enough
In stock,£21.12,Boy Meets Boy
In stock,£27.35,"Born to Run: A Hidden Tribe, Superathletes, and the Greatest Race the World Has Never Seen"
In stock,£21.74,Blink: The Power of Thinking Without Thinking
In stock,£40.87,Black Flags: The Rise of ISIS
In stock,£49.31,"Black Butler, Vol. 1 (Black Butler #1)"
In stock,£22.11,Big Little Lies
In stock,£20.79,Between Shades of Gray
In stock,£27.41,Best of My Love (Fool's Gold #20)
In stock,£38.35,Beowulf
In stock,£21.55,Beautiful Creatures (Caster Chronicles #1)
In stock,£38.02,Awkward
In stock,£22.06,Ash
In stock,£10.66,Are We There Yet?
In stock,£56.58,Are We Smart Enough to Know How Smart Animals Are?
In stock,£36.83,Annie on My Mind
In stock,£35.01,And Then There Were None
In stock,£30.48,A Walk in the Woods: Rediscovering America on the Appalachian Trail
In stock,£14.08,A Visit from the Goon Squad
In stock,£31.22,A Storm of Swords (A Song of Ice and Fire #3)
In stock,£54.29,A Heartbreaking Work of Staggering Genius
In stock,£31.04,8 Keys to Mental Health Through Exercise
In stock,£50.96,#GIRLBOSS
In stock,£11.89,"The Suffragettes (Little Black Classics, #96)"
In stock,£31.38,The Sense of an Ending
In stock,£54.81,"The Sandman, Vol. 2: The Doll's House (The Sandman (volumes) #2)"
In stock,£16.78,The Course of Love
In stock,£24.42,Sugar Rush (Offensive Line #2)
In stock,£11.75,"Saga, Volume 2 (Saga (Collected Editions) #2)"
In stock,£20.02,"Run, Spot, Run: The Ethics of Keeping Pets"
In stock,£12.86,New Moon (Twilight #2)
In stock,£31.58,Life
In stock,£34.00,Kindle Paperwhite User's Guide
In stock,£57.42,H is for Hawk
In stock,£53.47,Girl Online On Tour (Girl Online #2)
In stock,£11.64,"Fruits Basket, Vol. 2 (Fruits Basket #2)"
In stock,£52.88,Diary of a Minecraft Zombie Book 1: A Scare of a Dare (An Unofficial Minecraft Book)
In stock,£18.51,"Y: The Last Man, Vol. 1: Unmanned (Y: The Last Man #1)"
In stock,£41.32,While You Were Mine
In stock,£39.77,Where Lightning Strikes (Bleeding Stars #3)
In stock,£51.96,When I'm Gone
In stock,£39.51,Ways of Seeing
In stock,£15.40,"Vampire Knight, Vol. 1 (Vampire Knight #1)"
In stock,£53.82,Vampire Girl (Vampire Girl #1)
In stock,£30.95,Twenty Love Poems and a Song of Despair
In stock,£57.82,Travels with Charley: In Search of America
In stock,£44.18,Three Wishes (River of Time: California #1)
In stock,£48.71,This One Moment (Pushing Limits #1)
In stock,£19.69,The Zombie Room
In stock,£36.52,"The Wicked + The Divine, Vol. 1: The Faust Act (The Wicked + The Divine)"
In stock,£41.56,The Tumor
In stock,£43.19,The Story of Hong Gildong
In stock,£12.34,The Silent Wife
In stock,£36.25,The Silent Twin (Detective Jennifer Knight #3)
In stock,£29.45,The Selfish Gene
In stock,£34.56,The Secret Healer
In stock,£54.12,"The Sandman, Vol. 1: Preludes and Nocturnes (The Sandman (volumes) #1)"
In stock,£33.78,The Republic
In stock,£29.64,The Odyssey
In stock,£57.70,The No. 1 Ladies' Detective Agency (No. 1 Ladies' Detective Agency #1)
In stock,£36.34,The Nicomachean Ethics
In stock,£50.59,The Name of the Wind (The Kingkiller Chronicle #1)
In stock,£29.38,The Mirror & the Maze (The Wrath and the Dawn #1.5)
In stock,£45.42,The Little Prince
In stock,£54.43,The Light of the Fireflies
In stock,£36.26,The Last Girl (The Dominion Trilogy #1)
In stock,£16.16,The Iliad
In stock,£36.29,The Hook Up (Game On #1)
In stock,£27.89,The Haters
In stock,£12.29,The Girl You Lost
In stock,£15.85,The Girl In The Ice (DCI Erika Foster #1)
In stock,£14.40,The End of the Jesus Era (An Investigation #1)
In stock,£19.18,The Edge of Reason (Bridget Jones #2)
In stock,£10.64,The Complete Maus (Maus #1-2)
In stock,£14.76,The Communist Manifesto
In stock,£57.49,The Bhagavad Gita
In stock,£30.66,The Bette Davis Club
In stock,£40.83,The Art of Not Breathing
In stock,£18.88,Taking Shots (Assassins #1)
In stock,£25.83,Starlark
In stock,£42.12,"Skip Beat!, Vol. 01 (Skip Beat! #1)"
In stock,£13.33,Sister Sable (The Mad Queen #1)
In stock,£42.40,Shatter Me (Shatter Me #1)
In stock,£58.35,Shameless
In stock,£21.72,Shadow Rites (Jane Yellowrock #10)
In stock,£44.91,Settling the Score (The Summer Games #1)
In stock,£37.46,Sense and Sensibility
In stock,£28.48,"Saga, Volume 1 (Saga (Collected Editions) #1)"
In stock,£28.34,"Rhythm, Chord & Malykhin"
In stock,£46.96,"Rat Queens, Vol. 1: Sass & Sorcery (Rat Queens (Collected Editions) #1-5)"
In stock,£24.96,Paradise Lost (Paradise #1)
In stock,£21.71,"Paper Girls, Vol. 1 (Paper Girls #1-5)"
In stock,£29.87,"Ouran High School Host Club, Vol. 1 (Ouran High School Host Club #1)"
In stock,£28.99,Origins (Alphas 0.5)
In stock,£52.94,One Second (Seven #7)
In stock,£32.36,On the Road (Duluoz Legend)
In stock,£55.66,Old Records Never Die: One Man's Quest for His Vinyl and His Past
In stock,£39.45,Off Sides (Off #1)
In stock,£47.11,Of Mice and Men
In stock,£58.75,Myriad (Prentor #1)
In stock,£38.92,My Perfect Mistake (Over the Top #1)
In stock,£39.39,"Ms. Marvel, Vol. 1: No Normal (Ms. Marvel (2014-2015) #1)"
In stock,£25.89,Meditations
In stock,£28.34,Matilda
In stock,£27.70,Lost Among the Living
In stock,£24.89,Lord of the Flies
In stock,£58.99,Listen to Me (Fusion #1)
In stock,£57.20,Kitchens of the Great Midwest
In stock,£38.43,Jane Eyre
In stock,£34.74,Imperfect Harmony
In stock,£40.44,Icing (Aces Hockey #2)
In stock,£45.24,"Hawkeye, Vol. 1: My Life as a Weapon (Hawkeye #1)"
In stock,£34.96,Having the Barbarian's Baby (Ice Planet Barbarians #7.5)
In stock,£56.76,"Giant Days, Vol. 1 (Giant Days #1-4)"
In stock,£40.28,"Fruits Basket, Vol. 1 (Fruits Basket #1)"
In stock,£38.00,Frankenstein
In stock,£28.80,Forever Rockers (The Rocker #12)
In stock,£39.24,Fighting Fate (Fighting #6)
In stock,£32.93,Emma
In stock,£51.32,"Eat, Pray, Love"
In stock,£47.09,Deep Under (Walker Security #1)
In stock,£28.42,Choosing Our Religion: The Spiritual Lives of America's Nones
In stock,£22.85,Charlie and the Chocolate Factory (Charlie Bucket #1)
In stock,£41.24,Charity's Cross (Charles Towne Belles #4)
In stock,£39.07,Bright Lines
In stock,£29.82,Bridget Jones's Diary (Bridget Jones #1)
In stock,£37.26,Bounty (Colorado Mountain #7)
In stock,£20.30,Blood Defense (Samantha Brinkman #1)
In stock,£34.65,"Bleach, Vol. 1: Strawberry and the Soul Reapers (Bleach #1)"
In stock,£43.38,Beyond Good and Evil
In stock,£55.53,Alice in Wonderland (Alice's Adventures in Wonderland #1)
In stock,£57.06,"Ajin: Demi-Human, Volume 1 (Ajin: Demi-Human #1)"
In stock,£16.97,A Spy's Devotion (The Regency Spies of London #1)
In stock,£53.98,1st to Die (Women's Murder Club #1)
In stock,£26.08,"1,000 Places to See Before You Die"
